objectid,filename,title,format,photographer,mine,depth,date,description,latitude,longitude,donor,subject-lcsh,subject-LCTGM,location,source,Digital Collection,Holding Insititution,Format Original,type,Identifier,Date Digital,Language,rights,rightsstatement,Digitization Specifications
watkins0,89-1163.jpg,Anaconda Mine 1000 ft. level East [no. 1163],image/jpg,"Watkins, Carleton E.",Anaconda Mine,1000,1890,Anaconda Mine 1000 level East. Wealth of ore 45 ft.,46.01972222,-112.5236111,"Conley, Cort","Watkins, Carleton E., 1829-1916; Anaconda Company; Butte (Mont.);",Photographic prints,United States--Montana--Silver Bow County--Butte--Anaconda Mine,PG 89 - University of Idaho Library Special Collections & Archives,"Carleton Watkins Interior Views of Anaconda Mines (Butte, MT)",University of Idaho Library; Special Collections & Archives,Black and White Photograph,Image;StillImage,89-1163,2011-03,eng,"Material in Public Domain due to date of creation. For more information, please contact University of Idaho Library Special Collections and Archives Department at libspec@uidaho.edu.",https://creativecommons.org/publicdomain/mark/1.0/,Original is archival Tiff. Displayed is a reduced jpg.
watkins1,89-1172.jpg,Anaconda Mine 1000 ft. level West [no. 1172],image/jpg,"Watkins, Carleton E.",Anaconda Mine,1000,1890,Anaconda Mine 1000 level West Ore 75 ft.,46.01972222,-112.5236111,"Conley, Cort","Watkins, Carleton E., 1829-1916; Anaconda Company; Butte (Mont.);",Photographic prints,United States--Montana--Silver Bow County--Butte--Anaconda Mine,PG 89 - University of Idaho Library Special Collections & Archives,"Carleton Watkins Interior Views of Anaconda Mines (Butte, MT)",University of Idaho Library; Special Collections & Archives,Black and White Photograph,Image;StillImage,89-1172,2011-03,eng,"Material in Public Domain due to date of creation. For more information, please contact University of Idaho Library Special Collections and Archives Department at libspec@uidaho.edu.",https://creativecommons.org/publicdomain/mark/1.0/,Original is archival Tiff. Displayed is a reduced jpg.
watkins2,89-1173.jpg,Anaconda Mine 900 ft. level West [no. 1173],image/jpg,"Watkins, Carleton E.",Anaconda Mine,900,1890,Anaconda Mine 900 level West Ore 80 ft.,46.01972222,-112.5236111,"Conley, Cort","Watkins, Carleton E., 1829-1916; Anaconda Company; Butte (Mont.);",Photographic prints,United States--Montana--Silver Bow County--Butte--Anaconda Mine,PG 89 - University of Idaho Library Special Collections & Archives,"Carleton Watkins Interior Views of Anaconda Mines (Butte, MT)",University of Idaho Library; Special Collections & Archives,Black and White Photograph,Image;StillImage,89-1173,2011-03,eng,"Material in Public Domain due to date of creation. For more information, please contact University of Idaho Library Special Collections and Archives Department at libspec@uidaho.edu.",https://creativecommons.org/publicdomain/mark/1.0/,Original is archival Tiff. Displayed is a reduced jpg.
watkins3,89-1174.jpg,Anaconda Mine 900 ft. level East [no. 1174],image/jpg,"Watkins, Carleton E.",Anaconda Mine,900,1890,Anaconda Mine 900 level East Ore 80 ft.,46.01972222,-112.5236111,"Conley, Cort","Watkins, Carleton E., 1829-1916; Anaconda Company; Butte (Mont.);",Photographic prints,United States--Montana--Silver Bow County--Butte--Anaconda Mine,PG 89 - University of Idaho Library Special Collections & Archives,"Carleton Watkins Interior Views of Anaconda Mines (Butte, MT)",University of Idaho Library; Special Collections & Archives,Black and White Photograph,Image;StillImage,89-1174,2011-03,eng,"Material in Public Domain due to date of creation. For more information, please contact University of Idaho Library Special Collections and Archives Department at libspec@uidaho.edu.",https://creativecommons.org/publicdomain/mark/1.0/,Original is archival Tiff. Displayed is a reduced jpg.
watkins4,89-1175.jpg,Anaconda Mine 900 ft. level West [no. 1175],image/jpg,"Watkins, Carleton E.",Anaconda Mine,900,1890,Anaconda Mine 900 level West Ore 80 ft.,46.01972222,-112.5236111,"Conley, Cort","Watkins, Carleton E., 1829-1916; Anaconda Company; Butte (Mont.);",Photographic prints,United States--Montana--Silver Bow County--Butte--Anaconda Mine,PG 89 - University of Idaho Library Special Collections & Archives,"Carleton Watkins Interior Views of Anaconda Mines (Butte, MT)",University of Idaho Library; Special Collections & Archives,Black and White Photograph,Image;StillImage,89-1175,2011-03,eng,"Material in Public Domain due to date of creation. For more information, please contact University of Idaho Library Special Collections and Archives Department at libspec@uidaho.edu.",https://creativecommons.org/publicdomain/mark/1.0/,Original is archival Tiff. Displayed is a reduced jpg.
watkins5,89-1176.jpg,Anaconda Mine 900 ft. level East [no. 1176],image/jpg,"Watkins, Carleton E.",Anaconda Mine,900,1890,Anaconda Mine 900 level East Wealth of ore 80 ft.,46.01972222,-112.5236111,"Conley, Cort","Watkins, Carleton E., 1829-1916; Anaconda Company; Butte (Mont.);",Photographic prints,United States--Montana--Silver Bow County--Butte--Anaconda Mine,PG 89 - University of Idaho Library Special Collections & Archives,"Carleton Watkins Interior Views of Anaconda Mines (Butte, MT)",University of Idaho Library; Special Collections & Archives,Black and White Photograph,Image;StillImage,89-1176,2011-03,eng,"Material in Public Domain due to date of creation. For more information, please contact University of Idaho Library Special Collections and Archives Department at libspec@uidaho.edu.",https://creativecommons.org/publicdomain/mark/1.0/,Original is archival Tiff. Displayed is a reduced jpg.
watkins6,89-1177.jpg,Anaconda Mine 900 ft. level East [no. 1177],image/jpg,"Watkins, Carleton E.",Anaconda Mine,900,1890,Anaconda Mine 900 level East Ore 80 ft.,46.01972222,-112.5236111,"Conley, Cort","Watkins, Carleton E., 1829-1916; Anaconda Company; Butte (Mont.);",Photographic prints,United States--Montana--Silver Bow County--Butte--Anaconda Mine,PG 89 - University of Idaho Library Special Collections & Archives,"Carleton Watkins Interior Views of Anaconda Mines (Butte, MT)",University of Idaho Library; Special Collections & Archives,Black and White Photograph,Image;StillImage,89-1177,2011-03,eng,"Material in Public Domain due to date of creation. For more information, please contact University of Idaho Library Special Collections and Archives Department at libspec@uidaho.edu.",https://creativecommons.org/publicdomain/mark/1.0/,Original is archival Tiff. Displayed is a reduced jpg.
watkins7,89-1178.jpg,Anaconda Mine 900 ft. level East [no. 1178],image/jpg,"Watkins, Carleton E.",Anaconda Mine,900,1890,Anaconda Mine 900 level East Ore 80 ft.,46.01972222,-112.5236111,"Conley, Cort","Watkins, Carleton E., 1829-1916; Anaconda Company; Butte (Mont.);",Photographic prints,United States--Montana--Silver Bow County--Butte--Anaconda Mine,PG 89 - University of Idaho Library Special Collections & Archives,"Carleton Watkins Interior Views of Anaconda Mines (Butte, MT)",University of Idaho Library; Special Collections & Archives,Black and White Photograph,Image;StillImage,89-1178,2011-03,eng,"Material in Public Domain due to date of creation. For more information, please contact University of Idaho Library Special Collections and Archives Department at libspec@uidaho.edu.",https://creativecommons.org/publicdomain/mark/1.0/,Original is archival Tiff. Displayed is a reduced jpg.
watkins8,89-1179.jpg,St. Lawrence Mine 800 ft. level West [no. 1179],image/jpg,"Watkins, Carleton E.",St. Lawrence Mine,800,1890,St. Lawrence 800 level West Ore 40 ft.,46.01944444,-112.52,"Conley, Cort","Watkins, Carleton E., 1829-1916; Anaconda Company; Butte (Mont.);",Photographic prints,United States--Montana--Silver Bow County--Butte--Anaconda Mine,PG 89 - University of Idaho Library Special Collections & Archives,"Carleton Watkins Interior Views of Anaconda Mines (Butte, MT)",University of Idaho Library; Special Collections & Archives,Black and White Photograph,Image;StillImage,89-1179,2011-03,eng,"Material in Public Domain due to date of creation. For more information, please contact University of Idaho Library Special Collections and Archives Department at libspec@uidaho.edu.",https://creativecommons.org/publicdomain/mark/1.0/,Original is archival Tiff. Displayed is a reduced jpg.
watkins9,89-1181.jpg,St. Lawrence Mine 800 ft. level West [no. 1181],image/jpg,"Watkins, Carleton E.",St. Lawrence Mine,800,1890,St. Lawrence 800 level West Ore 40 ft.,46.01944444,-112.52,"Conley, Cort","Watkins, Carleton E., 1829-1916; Anaconda Company; Butte (Mont.);",Photographic prints,United States--Montana--Silver Bow County--Butte--Anaconda Mine,PG 89 - University of Idaho Library Special Collections & Archives,"Carleton Watkins Interior Views of Anaconda Mines (Butte, MT)",University of Idaho Library; Special Collections & Archives,Black and White Photograph,Image;StillImage,89-1181,2011-03,eng,"Material in Public Domain due to date of creation. For more information, please contact University of Idaho Library Special Collections and Archives Department at libspec@uidaho.edu.",https://creativecommons.org/publicdomain/mark/1.0/,Original is archival Tiff. Displayed is a reduced jpg.
watkins10,89-1180.jpg,St. Lawrence Mine 800 ft. level West [no. 1180],image/jpg,"Watkins, Carleton E.",St. Lawrence Mine,800,1890,St. Lawrence 800 level West Ore 40 ft.,46.01944444,-112.52,"Conley, Cort","Watkins, Carleton E., 1829-1916; Anaconda Company; Butte (Mont.);",Photographic prints,United States--Montana--Silver Bow County--Butte--Anaconda Mine,PG 89 - University of Idaho Library Special Collections & Archives,"Carleton Watkins Interior Views of Anaconda Mines (Butte, MT)",University of Idaho Library; Special Collections & Archives,Black and White Photograph,Image;StillImage,89-1180,2011-03,eng,"Material in Public Domain due to date of creation. For more information, please contact University of Idaho Library Special Collections and Archives Department at libspec@uidaho.edu.",https://creativecommons.org/publicdomain/mark/1.0/,Original is archival Tiff. Displayed is a reduced jpg.
watkins11,89-1164.jpg,Anaconda Mine 1000 ft. level East [no. 1164],image/jpg,"Watkins, Carleton E.",Anaconda Mine,1000,1890,Anaconda Mine 1000 level East. Wealth of ore 45 ft.,46.01972222,-112.5236111,"Conley, Cort","Watkins, Carleton E., 1829-1916; Anaconda Company; Butte (Mont.);",Photographic prints,United States--Montana--Silver Bow County--Butte--Anaconda Mine,PG 89 - University of Idaho Library Special Collections & Archives,"Carleton Watkins Interior Views of Anaconda Mines (Butte, MT)",University of Idaho Library; Special Collections & Archives,Black and White Photograph,Image;StillImage,89-1164,2011-03,eng,"Material in Public Domain due to date of creation. For more information, please contact University of Idaho Library Special Collections and Archives Department at libspec@uidaho.edu.",https://creativecommons.org/publicdomain/mark/1.0/,Original is archival Tiff. Displayed is a reduced jpg.
watkins12,89-1182.jpg,St. Lawrence Mine 800 ft. level West [no. 1182],image/jpg,"Watkins, Carleton E.",St. Lawrence Mine,800,1890,St. Lawrence 800 level West Ore 40 ft.,46.01944444,-112.52,"Conley, Cort","Watkins, Carleton E., 1829-1916; Anaconda Company; Butte (Mont.);",Photographic prints,United States--Montana--Silver Bow County--Butte--Anaconda Mine,PG 89 - University of Idaho Library Special Collections & Archives,"Carleton Watkins Interior Views of Anaconda Mines (Butte, MT)",University of Idaho Library; Special Collections & Archives,Black and White Photograph,Image;StillImage,89-1182,2011-03,eng,"Material in Public Domain due to date of creation. For more information, please contact University of Idaho Library Special Collections and Archives Department at libspec@uidaho.edu.",https://creativecommons.org/publicdomain/mark/1.0/,Original is archival Tiff. Displayed is a reduced jpg.
watkins13,89-1183.jpg,St. Lawrence Mine 700 ft. level East [no. 1183],image/jpg,"Watkins, Carleton E.",St. Lawrence Mine,700,1890,St. Lawrence 700 level East Ore 36 ft.,46.01944444,-112.52,"Conley, Cort","Watkins, Carleton E., 1829-1916; Anaconda Company; Butte (Mont.);",Photographic prints,United States--Montana--Silver Bow County--Butte--Anaconda Mine,PG 89 - University of Idaho Library Special Collections & Archives,"Carleton Watkins Interior Views of Anaconda Mines (Butte, MT)",University of Idaho Library; Special Collections & Archives,Black and White Photograph,Image;StillImage,89-1183,2011-03,eng,"Material in Public Domain due to date of creation. For more information, please contact University of Idaho Library Special Collections and Archives Department at libspec@uidaho.edu.",https://creativecommons.org/publicdomain/mark/1.0/,Original is archival Tiff. Displayed is a reduced jpg.
watkins14,89-1184.jpg,St. Lawrence Mine 700 ft. level East [no. 1184],image/jpg,"Watkins, Carleton E.",St. Lawrence Mine,700,1890,St. Lawrence 700 level East Ore 36 ft.,46.01944444,-112.52,"Conley, Cort","Watkins, Carleton E., 1829-1916; Anaconda Company; Butte (Mont.);",Photographic prints,United States--Montana--Silver Bow County--Butte--Anaconda Mine,PG 89 - University of Idaho Library Special Collections & Archives,"Carleton Watkins Interior Views of Anaconda Mines (Butte, MT)",University of Idaho Library; Special Collections & Archives,Black and White Photograph,Image;StillImage,89-1184,2011-03,eng,"Material in Public Domain due to date of creation. For more information, please contact University of Idaho Library Special Collections and Archives Department at libspec@uidaho.edu.",https://creativecommons.org/publicdomain/mark/1.0/,Original is archival Tiff. Displayed is a reduced jpg.
watkins15,89-1185.jpg,St. Lawrence Mine 800 ft. level East [no. 1185],image/jpg,"Watkins, Carleton E.",St. Lawrence Mine,800,1890,St. Lawrence 800 level East Ore 35 ft.,46.01944444,-112.52,"Conley, Cort","Watkins, Carleton E., 1829-1916; Anaconda Company; Butte (Mont.);",Photographic prints,United States--Montana--Silver Bow County--Butte--Anaconda Mine,PG 89 - University of Idaho Library Special Collections & Archives,"Carleton Watkins Interior Views of Anaconda Mines (Butte, MT)",University of Idaho Library; Special Collections & Archives,Black and White Photograph,Image;StillImage,89-1185,2011-03,eng,"Material in Public Domain due to date of creation. For more information, please contact University of Idaho Library Special Collections and Archives Department at libspec@uidaho.edu.",https://creativecommons.org/publicdomain/mark/1.0/,Original is archival Tiff. Displayed is a reduced jpg.
watkins16,89-1186.jpg,St. Lawrence Mine Pump Station 400' level [no. 1186],image/jpg,"Watkins, Carleton E.",St. Lawrence Mine,400,1890,St. Lawrence Pump Station 400 level,46.01944444,-112.52,"Conley, Cort","Watkins, Carleton E., 1829-1916; Anaconda Company; Butte (Mont.);",Photographic prints,United States--Montana--Silver Bow County--Butte--Anaconda Mine,PG 89 - University of Idaho Library Special Collections & Archives,"Carleton Watkins Interior Views of Anaconda Mines (Butte, MT)",University of Idaho Library; Special Collections & Archives,Black and White Photograph,Image;StillImage,89-1186,2011-03,eng,"Material in Public Domain due to date of creation. For more information, please contact University of Idaho Library Special Collections and Archives Department at libspec@uidaho.edu.",https://creativecommons.org/publicdomain/mark/1.0/,Original is archival Tiff. Displayed is a reduced jpg.
watkins17,89-1187.jpg,St. Lawrence Mine 600 ft. level East [no. 1187],image/jpg,"Watkins, Carleton E.",St. Lawrence Mine,600,1890,St. Lawrence 600 level East Ore 35 ft.,46.01944444,-112.52,"Conley, Cort","Watkins, Carleton E., 1829-1916; Anaconda Company; Butte (Mont.);",Photographic prints,United States--Montana--Silver Bow County--Butte--Anaconda Mine,PG 89 - University of Idaho Library Special Collections & Archives,"Carleton Watkins Interior Views of Anaconda Mines (Butte, MT)",University of Idaho Library; Special Collections & Archives,Black and White Photograph,Image;StillImage,89-1187,2011-03,eng,"Material in Public Domain due to date of creation. For more information, please contact University of Idaho Library Special Collections and Archives Department at libspec@uidaho.edu.",https://creativecommons.org/publicdomain/mark/1.0/,Original is archival Tiff. Displayed is a reduced jpg.
watkins18,89-1188.jpg,St. Lawrence Mine 600 ft. level East [no. 1188],image/jpg,"Watkins, Carleton E.",St. Lawrence Mine,600,1890,St. Lawrence 600 level East Ore 35 ft.,46.01944444,-112.52,"Conley, Cort","Watkins, Carleton E., 1829-1916; Anaconda Company; Butte (Mont.);",Photographic prints,United States--Montana--Silver Bow County--Butte--Anaconda Mine,PG 89 - University of Idaho Library Special Collections & Archives,"Carleton Watkins Interior Views of Anaconda Mines (Butte, MT)",University of Idaho Library; Special Collections & Archives,Black and White Photograph,Image;StillImage,89-1188,2011-03,eng,"Material in Public Domain due to date of creation. For more information, please contact University of Idaho Library Special Collections and Archives Department at libspec@uidaho.edu.",https://creativecommons.org/publicdomain/mark/1.0/,Original is archival Tiff. Displayed is a reduced jpg.
watkins19,89-1189.jpg,St. Lawrence Mine 600 ft. level East [no. 1189],image/jpg,"Watkins, Carleton E.",St. Lawrence Mine,600,1890,St. Lawrence 600 level East Ore 35 ft.,46.01944444,-112.52,"Conley, Cort","Watkins, Carleton E., 1829-1916; Anaconda Company; Butte (Mont.);",Photographic prints,United States--Montana--Silver Bow County--Butte--Anaconda Mine,PG 89 - University of Idaho Library Special Collections & Archives,"Carleton Watkins Interior Views of Anaconda Mines (Butte, MT)",University of Idaho Library; Special Collections & Archives,Black and White Photograph,Image;StillImage,89-1189,2011-03,eng,"Material in Public Domain due to date of creation. For more information, please contact University of Idaho Library Special Collections and Archives Department at libspec@uidaho.edu.",https://creativecommons.org/publicdomain/mark/1.0/,Original is archival Tiff. Displayed is a reduced jpg.
watkins20,89-1190.jpg,St. Lawrence Mine 600 ft. level East [no. 1190],image/jpg,"Watkins, Carleton E.",St. Lawrence Mine,600,1890,St. Lawrence 600 level East Ore 35 ft.,46.01944444,-112.52,"Conley, Cort","Watkins, Carleton E., 1829-1916; Anaconda Company; Butte (Mont.);",Photographic prints,United States--Montana--Silver Bow County--Butte--Anaconda Mine,PG 89 - University of Idaho Library Special Collections & Archives,"Carleton Watkins Interior Views of Anaconda Mines (Butte, MT)",University of Idaho Library; Special Collections & Archives,Black and White Photograph,Image;StillImage,89-1190,2011-03,eng,"Material in Public Domain due to date of creation. For more information, please contact University of Idaho Library Special Collections and Archives Department at libspec@uidaho.edu.",https://creativecommons.org/publicdomain/mark/1.0/,Original is archival Tiff. Displayed is a reduced jpg.
watkins21,89-1191.jpg,St. Lawrence Mine 600 ft. level East [no. 1191],image/jpg,"Watkins, Carleton E.",St. Lawrence Mine,600,1890,St. Lawrence 600 level East Ore 35 ft.,46.01944444,-112.52,"Conley, Cort","Watkins, Carleton E., 1829-1916; Anaconda Company; Butte (Mont.);",Photographic prints,United States--Montana--Silver Bow County--Butte--Anaconda Mine,PG 89 - University of Idaho Library Special Collections & Archives,"Carleton Watkins Interior Views of Anaconda Mines (Butte, MT)",University of Idaho Library; Special Collections & Archives,Black and White Photograph,Image;StillImage,89-1191,2011-03,eng,"Material in Public Domain due to date of creation. For more information, please contact University of Idaho Library Special Collections and Archives Department at libspec@uidaho.edu.",https://creativecommons.org/publicdomain/mark/1.0/,Original is archival Tiff. Displayed is a reduced jpg.
watkins22,89-1165.jpg,Anaconda Mine 1000 ft. level East [no. 1165],image/jpg,"Watkins, Carleton E.",Anaconda Mine,1000,1890,Anaconda Mine 1000 level East. Wealth of ore 45 ft.,46.01972222,-112.5236111,"Conley, Cort","Watkins, Carleton E., 1829-1916; Anaconda Company; Butte (Mont.);",Photographic prints,United States--Montana--Silver Bow County--Butte--Anaconda Mine,PG 89 - University of Idaho Library Special Collections & Archives,"Carleton Watkins Interior Views of Anaconda Mines (Butte, MT)",University of Idaho Library; Special Collections & Archives,Black and White Photograph,Image;StillImage,89-1165,2011-03,eng,"Material in Public Domain due to date of creation. For more information, please contact University of Idaho Library Special Collections and Archives Department at libspec@uidaho.edu.",https://creativecommons.org/publicdomain/mark/1.0/,Original is archival Tiff. Displayed is a reduced jpg.
watkins23,89-1192.jpg,St. Lawrence Mine 600 ft. level East [no. 1192],image/jpg,"Watkins, Carleton E.",St. Lawrence Mine,600,1890,St. Lawrence 600 level East Ore 35 ft.,46.01944444,-112.52,"Conley, Cort","Watkins, Carleton E., 1829-1916; Anaconda Company; Butte (Mont.);",Photographic prints,United States--Montana--Silver Bow County--Butte--Anaconda Mine,PG 89 - University of Idaho Library Special Collections & Archives,"Carleton Watkins Interior Views of Anaconda Mines (Butte, MT)",University of Idaho Library; Special Collections & Archives,Black and White Photograph,Image;StillImage,89-1192,2011-03,eng,"Material in Public Domain due to date of creation. For more information, please contact University of Idaho Library Special Collections and Archives Department at libspec@uidaho.edu.",https://creativecommons.org/publicdomain/mark/1.0/,Original is archival Tiff. Displayed is a reduced jpg.
watkins24,89-1193.jpg,High Ore Mine 400 ft. level [no. 1193],image/jpg,"Watkins, Carleton E.",High Ore Mine,400,1890,High ore 400 ft. level Housing Station,46.02388889,-112.5197222,"Conley, Cort","Watkins, Carleton E., 1829-1916; Anaconda Company; Butte (Mont.);",Photographic prints,United States--Montana--Silver Bow County--Butte--Anaconda Mine,PG 89 - University of Idaho Library Special Collections & Archives,"Carleton Watkins Interior Views of Anaconda Mines (Butte, MT)",University of Idaho Library; Special Collections & Archives,Black and White Photograph,Image;StillImage,89-1193,2011-03,eng,"Material in Public Domain due to date of creation. For more information, please contact University of Idaho Library Special Collections and Archives Department at libspec@uidaho.edu.",https://creativecommons.org/publicdomain/mark/1.0/,Original is archival Tiff. Displayed is a reduced jpg.
watkins25,89-1194.jpg,High Ore Mine 600 ft. level [no. 1194],image/jpg,"Watkins, Carleton E.",High Ore Mine,600,1890,High ore 600 level Pump Station,46.02388889,-112.5197222,"Conley, Cort","Watkins, Carleton E., 1829-1916; Anaconda Company; Butte (Mont.);",Photographic prints,United States--Montana--Silver Bow County--Butte--Anaconda Mine,PG 89 - University of Idaho Library Special Collections & Archives,"Carleton Watkins Interior Views of Anaconda Mines (Butte, MT)",University of Idaho Library; Special Collections & Archives,Black and White Photograph,Image;StillImage,89-1194,2011-03,eng,"Material in Public Domain due to date of creation. For more information, please contact University of Idaho Library Special Collections and Archives Department at libspec@uidaho.edu.",https://creativecommons.org/publicdomain/mark/1.0/,Original is archival Tiff. Displayed is a reduced jpg.
watkins26,89-1195.jpg,High Ore Mine 500 ft. level [no. 1195],image/jpg,"Watkins, Carleton E.",High Ore Mine,500,1890,High ore 500 ft. level Housing Station,46.02388889,-112.5197222,"Conley, Cort","Watkins, Carleton E., 1829-1916; Anaconda Company; Butte (Mont.);",Photographic prints,United States--Montana--Silver Bow County--Butte--Anaconda Mine,PG 89 - University of Idaho Library Special Collections & Archives,"Carleton Watkins Interior Views of Anaconda Mines (Butte, MT)",University of Idaho Library; Special Collections & Archives,Black and White Photograph,Image;StillImage,89-1195,2011-03,eng,"Material in Public Domain due to date of creation. For more information, please contact University of Idaho Library Special Collections and Archives Department at libspec@uidaho.edu.",https://creativecommons.org/publicdomain/mark/1.0/,Original is archival Tiff. Displayed is a reduced jpg.
watkins27,89-1196.jpg,High Ore Mine 400 ft. level West [no. 1196],image/jpg,"Watkins, Carleton E.",High Ore Mine,400,1890,High ore 400 ft. level West Showing bulkheading in 1st floor and miner ascending to 2nd floor with hose for drilling machine,46.02388889,-112.5197222,"Conley, Cort","Watkins, Carleton E., 1829-1916; Anaconda Company; Butte (Mont.);",Photographic prints,United States--Montana--Silver Bow County--Butte--Anaconda Mine,PG 89 - University of Idaho Library Special Collections & Archives,"Carleton Watkins Interior Views of Anaconda Mines (Butte, MT)",University of Idaho Library; Special Collections & Archives,Black and White Photograph,Image;StillImage,89-1196,2011-03,eng,"Material in Public Domain due to date of creation. For more information, please contact University of Idaho Library Special Collections and Archives Department at libspec@uidaho.edu.",https://creativecommons.org/publicdomain/mark/1.0/,Original is archival Tiff. Displayed is a reduced jpg.
watkins28,89-1197.jpg,High Ore Mine 300 ft. level East [no. 1197],image/jpg,"Watkins, Carleton E.",High Ore Mine,300,1890,High ore 300 ft. level East Showing men and drilling machine on fourth floor drilling air on breast,46.02388889,-112.5197222,"Conley, Cort","Watkins, Carleton E., 1829-1916; Anaconda Company; Butte (Mont.);",Photographic prints,United States--Montana--Silver Bow County--Butte--Anaconda Mine,PG 89 - University of Idaho Library Special Collections & Archives,"Carleton Watkins Interior Views of Anaconda Mines (Butte, MT)",University of Idaho Library; Special Collections & Archives,Black and White Photograph,Image;StillImage,89-1197,2011-03,eng,"Material in Public Domain due to date of creation. For more information, please contact University of Idaho Library Special Collections and Archives Department at libspec@uidaho.edu.",https://creativecommons.org/publicdomain/mark/1.0/,Original is archival Tiff. Displayed is a reduced jpg.
watkins29,89-1198.jpg,High Ore Mine 200 ft. level West [no. 1198],image/jpg,"Watkins, Carleton E.",High Ore Mine,200,1890,High ore 200 ft. level West Showing face of drift. Timber and lagging,46.02388889,-112.5197222,"Conley, Cort","Watkins, Carleton E., 1829-1916; Anaconda Company; Butte (Mont.);",Photographic prints,United States--Montana--Silver Bow County--Butte--Anaconda Mine,PG 89 - University of Idaho Library Special Collections & Archives,"Carleton Watkins Interior Views of Anaconda Mines (Butte, MT)",University of Idaho Library; Special Collections & Archives,Black and White Photograph,Image;StillImage,89-1198,2011-03,eng,"Material in Public Domain due to date of creation. For more information, please contact University of Idaho Library Special Collections and Archives Department at libspec@uidaho.edu.",https://creativecommons.org/publicdomain/mark/1.0/,Original is archival Tiff. Displayed is a reduced jpg.
watkins30,89-1199.jpg,High Ore Mine 600 ft. level East [no. 1199],image/jpg,"Watkins, Carleton E.",High Ore Mine,600,1890,High ore 600 level East Showing ore in breasts,46.02388889,-112.5197222,"Conley, Cort","Watkins, Carleton E., 1829-1916; Anaconda Company; Butte (Mont.);",Photographic prints,United States--Montana--Silver Bow County--Butte--Anaconda Mine,PG 89 - University of Idaho Library Special Collections & Archives,"Carleton Watkins Interior Views of Anaconda Mines (Butte, MT)",University of Idaho Library; Special Collections & Archives,Black and White Photograph,Image;StillImage,89-1199,2011-03,eng,"Material in Public Domain due to date of creation. For more information, please contact University of Idaho Library Special Collections and Archives Department at libspec@uidaho.edu.",https://creativecommons.org/publicdomain/mark/1.0/,Original is archival Tiff. Displayed is a reduced jpg.
watkins31,89-1200.jpg,High Ore Mine 600 ft. level West [no. 1200],image/jpg,"Watkins, Carleton E.",High Ore Mine,600,1890,High ore 600 level West Showing miner wheeling ore to chutes Ore 10 ft,46.02388889,-112.5197222,"Conley, Cort","Watkins, Carleton E., 1829-1916; Anaconda Company; Butte (Mont.);",Photographic prints,United States--Montana--Silver Bow County--Butte--Anaconda Mine,PG 89 - University of Idaho Library Special Collections & Archives,"Carleton Watkins Interior Views of Anaconda Mines (Butte, MT)",University of Idaho Library; Special Collections & Archives,Black and White Photograph,Image;StillImage,89-1200,2011-03,eng,"Material in Public Domain due to date of creation. For more information, please contact University of Idaho Library Special Collections and Archives Department at libspec@uidaho.edu.",https://creativecommons.org/publicdomain/mark/1.0/,Original is archival Tiff. Displayed is a reduced jpg.
watkins32,89-1201.jpg,High Ore Mine 300 ft. level East [no. 1201],image/jpg,"Watkins, Carleton E.",High Ore Mine,300,1890,High ore 300 level East Showing drilling machine and bar erected for drilling ore breast,46.02388889,-112.5197222,"Conley, Cort","Watkins, Carleton E., 1829-1916; Anaconda Company; Butte (Mont.);",Photographic prints,United States--Montana--Silver Bow County--Butte--Anaconda Mine,PG 89 - University of Idaho Library Special Collections & Archives,"Carleton Watkins Interior Views of Anaconda Mines (Butte, MT)",University of Idaho Library; Special Collections & Archives,Black and White Photograph,Image;StillImage,89-1201,2011-03,eng,"Material in Public Domain due to date of creation. For more information, please contact University of Idaho Library Special Collections and Archives Department at libspec@uidaho.edu.",https://creativecommons.org/publicdomain/mark/1.0/,Original is archival Tiff. Displayed is a reduced jpg.
watkins33,89-1166.jpg,Anaconda Mine 1000 ft. level East [no. 1166],image/jpg,"Watkins, Carleton E.",Anaconda Mine,1000,1890,Anaconda Mine 1000 level East. Wealth of ore 45 ft.,46.01972222,-112.5236111,"Conley, Cort","Watkins, Carleton E., 1829-1916; Anaconda Company; Butte (Mont.);",Photographic prints,United States--Montana--Silver Bow County--Butte--Anaconda Mine,PG 89 - University of Idaho Library Special Collections & Archives,"Carleton Watkins Interior Views of Anaconda Mines (Butte, MT)",University of Idaho Library; Special Collections & Archives,Black and White Photograph,Image;StillImage,89-1166,2011-03,eng,"Material in Public Domain due to date of creation. For more information, please contact University of Idaho Library Special Collections and Archives Department at libspec@uidaho.edu.",https://creativecommons.org/publicdomain/mark/1.0/,Original is archival Tiff. Displayed is a reduced jpg.
watkins34,89-1202.jpg,High Ore Mine 400 ft. level East [no. 1202],image/jpg,"Watkins, Carleton E.",High Ore Mine,400,1890,High ore 400 level East Showing ore after blast ore 15 ft,46.02388889,-112.5197222,"Conley, Cort","Watkins, Carleton E., 1829-1916; Anaconda Company; Butte (Mont.);",Photographic prints,United States--Montana--Silver Bow County--Butte--Anaconda Mine,PG 89 - University of Idaho Library Special Collections & Archives,"Carleton Watkins Interior Views of Anaconda Mines (Butte, MT)",University of Idaho Library; Special Collections & Archives,Black and White Photograph,Image;StillImage,89-1202,2011-03,eng,"Material in Public Domain due to date of creation. For more information, please contact University of Idaho Library Special Collections and Archives Department at libspec@uidaho.edu.",https://creativecommons.org/publicdomain/mark/1.0/,Original is archival Tiff. Displayed is a reduced jpg.
watkins35,89-1203.jpg,High Ore Mine 300 ft. level West [no. 1203],image/jpg,"Watkins, Carleton E.",High Ore Mine,300,1890,High ore 300 ft. level West Showing timbers along foot wall,46.02388889,-112.5197222,"Conley, Cort","Watkins, Carleton E., 1829-1916; Anaconda Company; Butte (Mont.);",Photographic prints,United States--Montana--Silver Bow County--Butte--Anaconda Mine,PG 89 - University of Idaho Library Special Collections & Archives,"Carleton Watkins Interior Views of Anaconda Mines (Butte, MT)",University of Idaho Library; Special Collections & Archives,Black and White Photograph,Image;StillImage,89-1203,2011-03,eng,"Material in Public Domain due to date of creation. For more information, please contact University of Idaho Library Special Collections and Archives Department at libspec@uidaho.edu.",https://creativecommons.org/publicdomain/mark/1.0/,Original is archival Tiff. Displayed is a reduced jpg.
watkins36,89-1204.jpg,High Ore Mine 500 ft. level West [no. 1204],image/jpg,"Watkins, Carleton E.",High Ore Mine,500,1890,High ore 500 ft. level West Showing ore and timbers on foot wall,46.02388889,-112.5197222,"Conley, Cort","Watkins, Carleton E., 1829-1916; Anaconda Company; Butte (Mont.);",Photographic prints,United States--Montana--Silver Bow County--Butte--Anaconda Mine,PG 89 - University of Idaho Library Special Collections & Archives,"Carleton Watkins Interior Views of Anaconda Mines (Butte, MT)",University of Idaho Library; Special Collections & Archives,Black and White Photograph,Image;StillImage,89-1204,2011-03,eng,"Material in Public Domain due to date of creation. For more information, please contact University of Idaho Library Special Collections and Archives Department at libspec@uidaho.edu.",https://creativecommons.org/publicdomain/mark/1.0/,Original is archival Tiff. Displayed is a reduced jpg.
watkins37,89-1205.jpg,High Ore Mine 300 ft. level East [no. 1205],image/jpg,"Watkins, Carleton E.",High Ore Mine,300,1890,High ore 300 ft. level East Showing tripod and drilling machine in operation,46.02388889,-112.5197222,"Conley, Cort","Watkins, Carleton E., 1829-1916; Anaconda Company; Butte (Mont.);",Photographic prints,United States--Montana--Silver Bow County--Butte--Anaconda Mine,PG 89 - University of Idaho Library Special Collections & Archives,"Carleton Watkins Interior Views of Anaconda Mines (Butte, MT)",University of Idaho Library; Special Collections & Archives,Black and White Photograph,Image;StillImage,89-1205,2011-03,eng,"Material in Public Domain due to date of creation. For more information, please contact University of Idaho Library Special Collections and Archives Department at libspec@uidaho.edu.",https://creativecommons.org/publicdomain/mark/1.0/,Original is archival Tiff. Displayed is a reduced jpg.
watkins38,89-1206.jpg,High Ore Mine 300 ft. level West [no. 1206],image/jpg,"Watkins, Carleton E.",High Ore Mine,300,1890,High ore 300 ft. level West Showing [timbering along foot wall landing],46.02388889,-112.5197222,"Conley, Cort","Watkins, Carleton E., 1829-1916; Anaconda Company; Butte (Mont.);",Photographic prints,United States--Montana--Silver Bow County--Butte--Anaconda Mine,PG 89 - University of Idaho Library Special Collections & Archives,"Carleton Watkins Interior Views of Anaconda Mines (Butte, MT)",University of Idaho Library; Special Collections & Archives,Black and White Photograph,Image;StillImage,89-1206,2011-03,eng,"Material in Public Domain due to date of creation. For more information, please contact University of Idaho Library Special Collections and Archives Department at libspec@uidaho.edu.",https://creativecommons.org/publicdomain/mark/1.0/,Original is archival Tiff. Displayed is a reduced jpg.
watkins39,89-1207.jpg,High Ore Mine 300 ft. level West [no. 1207],image/jpg,"Watkins, Carleton E.",High Ore Mine,300,1890,High ore 300 ft. level West Showing ore after blasting,46.02388889,-112.5197222,"Conley, Cort","Watkins, Carleton E., 1829-1916; Anaconda Company; Butte (Mont.);",Photographic prints,United States--Montana--Silver Bow County--Butte--Anaconda Mine,PG 89 - University of Idaho Library Special Collections & Archives,"Carleton Watkins Interior Views of Anaconda Mines (Butte, MT)",University of Idaho Library; Special Collections & Archives,Black and White Photograph,Image;StillImage,89-1207,2011-03,eng,"Material in Public Domain due to date of creation. For more information, please contact University of Idaho Library Special Collections and Archives Department at libspec@uidaho.edu.",https://creativecommons.org/publicdomain/mark/1.0/,Original is archival Tiff. Displayed is a reduced jpg.
watkins40,89-1208.jpg,High Ore Mine 200 ft. level East [no. 1208],image/jpg,"Watkins, Carleton E.",High Ore Mine,200,1890,High ore 200 ft. level East Showing two sets of ore in face of drift,46.02388889,-112.5197222,"Conley, Cort","Watkins, Carleton E., 1829-1916; Anaconda Company; Butte (Mont.);",Photographic prints,United States--Montana--Silver Bow County--Butte--Anaconda Mine,PG 89 - University of Idaho Library Special Collections & Archives,"Carleton Watkins Interior Views of Anaconda Mines (Butte, MT)",University of Idaho Library; Special Collections & Archives,Black and White Photograph,Image;StillImage,89-1208,2011-03,eng,"Material in Public Domain due to date of creation. For more information, please contact University of Idaho Library Special Collections and Archives Department at libspec@uidaho.edu.",https://creativecommons.org/publicdomain/mark/1.0/,Original is archival Tiff. Displayed is a reduced jpg.
watkins41,89-1209.jpg,High Ore Mine 200 ft. level East [no. 1209],image/jpg,"Watkins, Carleton E.",High Ore Mine,200,1890,High ore 200 ft. level East Showing ore in hanging wall Ore 15 ft.,46.02388889,-112.5197222,"Conley, Cort","Watkins, Carleton E., 1829-1916; Anaconda Company; Butte (Mont.);",Photographic prints,United States--Montana--Silver Bow County--Butte--Anaconda Mine,PG 89 - University of Idaho Library Special Collections & Archives,"Carleton Watkins Interior Views of Anaconda Mines (Butte, MT)",University of Idaho Library; Special Collections & Archives,Black and White Photograph,Image;StillImage,89-1209,2011-03,eng,"Material in Public Domain due to date of creation. For more information, please contact University of Idaho Library Special Collections and Archives Department at libspec@uidaho.edu.",https://creativecommons.org/publicdomain/mark/1.0/,Original is archival Tiff. Displayed is a reduced jpg.
watkins42,89-1210.jpg,High Ore Mine 200 ft. level East [no. 1210],image/jpg,"Watkins, Carleton E.",High Ore Mine,200,1890,High ore 200 ft. level East Ore 25 ft.,46.02388889,-112.5197222,"Conley, Cort","Watkins, Carleton E., 1829-1916; Anaconda Company; Butte (Mont.);",Photographic prints,United States--Montana--Silver Bow County--Butte--Anaconda Mine,PG 89 - University of Idaho Library Special Collections & Archives,"Carleton Watkins Interior Views of Anaconda Mines (Butte, MT)",University of Idaho Library; Special Collections & Archives,Black and White Photograph,Image;StillImage,89-1210,2011-03,eng,"Material in Public Domain due to date of creation. For more information, please contact University of Idaho Library Special Collections and Archives Department at libspec@uidaho.edu.",https://creativecommons.org/publicdomain/mark/1.0/,Original is archival Tiff. Displayed is a reduced jpg.
watkins43,89-1211.jpg,High Ore Mine 400 ft. level East still floor [no. 1211],image/jpg,"Watkins, Carleton E.",High Ore Mine,400,1890,High ore 400 level East sill showing floor Showing ore breast,46.02388889,-112.5197222,"Conley, Cort","Watkins, Carleton E., 1829-1916; Anaconda Company; Butte (Mont.);",Photographic prints,United States--Montana--Silver Bow County--Butte--Anaconda Mine,PG 89 - University of Idaho Library Special Collections & Archives,"Carleton Watkins Interior Views of Anaconda Mines (Butte, MT)",University of Idaho Library; Special Collections & Archives,Black and White Photograph,Image;StillImage,89-1211,2011-03,eng,"Material in Public Domain due to date of creation. For more information, please contact University of Idaho Library Special Collections and Archives Department at libspec@uidaho.edu.",https://creativecommons.org/publicdomain/mark/1.0/,Original is archival Tiff. Displayed is a reduced jpg.
watkins44,89-1168.jpg,Anaconda Mine 1000 ft. level West [no. 1168],image/jpg,"Watkins, Carleton E.",Anaconda Mine,1000,1890,Anaconda Mine 1000 level West. Wealth of ore 75 ft.,46.01972222,-112.5236111,"Conley, Cort","Watkins, Carleton E., 1829-1916; Anaconda Company; Butte (Mont.);",Photographic prints,United States--Montana--Silver Bow County--Butte--Anaconda Mine,PG 89 - University of Idaho Library Special Collections & Archives,"Carleton Watkins Interior Views of Anaconda Mines (Butte, MT)",University of Idaho Library; Special Collections & Archives,Black and White Photograph,Image;StillImage,89-1168,2011-03,eng,"Material in Public Domain due to date of creation. For more information, please contact University of Idaho Library Special Collections and Archives Department at libspec@uidaho.edu.",https://creativecommons.org/publicdomain/mark/1.0/,Original is archival Tiff. Displayed is a reduced jpg.
watkins45,89-1212.jpg,"Mountain Consolidated Mine 100 ft. level Station (note ""1890"" on beam) [no. 1212]",image/jpg,"Watkins, Carleton E.",Mountain Consolidated Mine,100,1890,"Mt Com 100 Station [note ""1890"" on beam]",46.02333333,-112.5313889,"Conley, Cort","Watkins, Carleton E., 1829-1916; Anaconda Company; Butte (Mont.);",Photographic prints,United States--Montana--Silver Bow County--Butte--Anaconda Mine,PG 89 - University of Idaho Library Special Collections & Archives,"Carleton Watkins Interior Views of Anaconda Mines (Butte, MT)",University of Idaho Library; Special Collections & Archives,Black and White Photograph,Image;StillImage,89-1212,2011-03,eng,"Material in Public Domain due to date of creation. For more information, please contact University of Idaho Library Special Collections and Archives Department at libspec@uidaho.edu.",https://creativecommons.org/publicdomain/mark/1.0/,Original is archival Tiff. Displayed is a reduced jpg.
watkins46,89-1214.jpg,Mountain Consolidated Mine 100 Station at shaft [no. 1214],image/jpg,"Watkins, Carleton E.",Mountain Consolidated Mine,100,1890,Mt Con 100 Station at shaft,46.02333333,-112.5313889,"Conley, Cort","Watkins, Carleton E., 1829-1916; Anaconda Company; Butte (Mont.);",Photographic prints,United States--Montana--Silver Bow County--Butte--Anaconda Mine,PG 89 - University of Idaho Library Special Collections & Archives,"Carleton Watkins Interior Views of Anaconda Mines (Butte, MT)",University of Idaho Library; Special Collections & Archives,Black and White Photograph,Image;StillImage,89-1214,2011-03,eng,"Material in Public Domain due to date of creation. For more information, please contact University of Idaho Library Special Collections and Archives Department at libspec@uidaho.edu.",https://creativecommons.org/publicdomain/mark/1.0/,Original is archival Tiff. Displayed is a reduced jpg.
watkins47,89-1215.jpg,Mountain Consolidated Mine 100 ft. level [no. 1215],image/jpg,"Watkins, Carleton E.",Mountain Consolidated Mine,100,1890,Mt Con 100 level Showing miners replacing and repairing old timbers,46.02333333,-112.5313889,"Conley, Cort","Watkins, Carleton E., 1829-1916; Anaconda Company; Butte (Mont.);",Photographic prints,United States--Montana--Silver Bow County--Butte--Anaconda Mine,PG 89 - University of Idaho Library Special Collections & Archives,"Carleton Watkins Interior Views of Anaconda Mines (Butte, MT)",University of Idaho Library; Special Collections & Archives,Black and White Photograph,Image;StillImage,89-1215,2011-03,eng,"Material in Public Domain due to date of creation. For more information, please contact University of Idaho Library Special Collections and Archives Department at libspec@uidaho.edu.",https://creativecommons.org/publicdomain/mark/1.0/,Original is archival Tiff. Displayed is a reduced jpg.
watkins48,89-1216.jpg,Mountain Consolidated Mine 400 ft. level East still floor breast [no. 1216],image/jpg,"Watkins, Carleton E.",Mountain Consolidated Mine,400,1890,Mt Con 400 level East sill floor breast. Showing Supt. Carroll and drilling machine in act of drilling ore breast,46.02333333,-112.5313889,"Conley, Cort","Watkins, Carleton E., 1829-1916; Anaconda Company; Butte (Mont.);",Photographic prints,United States--Montana--Silver Bow County--Butte--Anaconda Mine,PG 89 - University of Idaho Library Special Collections & Archives,"Carleton Watkins Interior Views of Anaconda Mines (Butte, MT)",University of Idaho Library; Special Collections & Archives,Black and White Photograph,Image;StillImage,89-1216,2011-03,eng,"Material in Public Domain due to date of creation. For more information, please contact University of Idaho Library Special Collections and Archives Department at libspec@uidaho.edu.",https://creativecommons.org/publicdomain/mark/1.0/,Original is archival Tiff. Displayed is a reduced jpg.
watkins49,89-1217.jpg,Mountain Consolidated Mine 100 ft. level East still floor [no. 1217],image/jpg,"Watkins, Carleton E.",Mountain Consolidated Mine,100,1890,Mt Con 100 level East sill floor.  Showing miners in ore breast filling ore cars. Ore 12 ft.,46.02333333,-112.5313889,"Conley, Cort","Watkins, Carleton E., 1829-1916; Anaconda Company; Butte (Mont.);",Photographic prints,United States--Montana--Silver Bow County--Butte--Anaconda Mine,PG 89 - University of Idaho Library Special Collections & Archives,"Carleton Watkins Interior Views of Anaconda Mines (Butte, MT)",University of Idaho Library; Special Collections & Archives,Black and White Photograph,Image;StillImage,89-1217,2011-03,eng,"Material in Public Domain due to date of creation. For more information, please contact University of Idaho Library Special Collections and Archives Department at libspec@uidaho.edu.",https://creativecommons.org/publicdomain/mark/1.0/,Original is archival Tiff. Displayed is a reduced jpg.
watkins50,89-1218.jpg,Mountain Consolidated Mine 400 ft. level East [no. 1218],image/jpg,"Watkins, Carleton E.",Mountain Consolidated Mine,400,1890,Mt Con 400 level East. Showing drift and timbers 100 ft. west of ore breast,46.02333333,-112.5313889,"Conley, Cort","Watkins, Carleton E., 1829-1916; Anaconda Company; Butte (Mont.);",Photographic prints,United States--Montana--Silver Bow County--Butte--Anaconda Mine,PG 89 - University of Idaho Library Special Collections & Archives,"Carleton Watkins Interior Views of Anaconda Mines (Butte, MT)",University of Idaho Library; Special Collections & Archives,Black and White Photograph,Image;StillImage,89-1218,2011-03,eng,"Material in Public Domain due to date of creation. For more information, please contact University of Idaho Library Special Collections and Archives Department at libspec@uidaho.edu.",https://creativecommons.org/publicdomain/mark/1.0/,Original is archival Tiff. Displayed is a reduced jpg.
watkins51,89-1219.jpg,Mountain Consolidated Mine 100 ft. level West still floor [no. 1219],image/jpg,"Watkins, Carleton E.",Mountain Consolidated Mine,100,1890,Mt Con 100 level West sill floor.  Showing untimbered ore breast,46.02333333,-112.5313889,"Conley, Cort","Watkins, Carleton E., 1829-1916; Anaconda Company; Butte (Mont.);",Photographic prints,United States--Montana--Silver Bow County--Butte--Anaconda Mine,PG 89 - University of Idaho Library Special Collections & Archives,"Carleton Watkins Interior Views of Anaconda Mines (Butte, MT)",University of Idaho Library; Special Collections & Archives,Black and White Photograph,Image;StillImage,89-1219,2011-03,eng,"Material in Public Domain due to date of creation. For more information, please contact University of Idaho Library Special Collections and Archives Department at libspec@uidaho.edu.",https://creativecommons.org/publicdomain/mark/1.0/,Original is archival Tiff. Displayed is a reduced jpg.
watkins52,89-1220.jpg,Mountain Consolidated Mine 400 ft. level East still floor [no. 1220],image/jpg,"Watkins, Carleton E.",Mountain Consolidated Mine,400,1890,Mt Con 400 level East sill floor Showing ore breast without timbers,46.02333333,-112.5313889,"Conley, Cort","Watkins, Carleton E., 1829-1916; Anaconda Company; Butte (Mont.);",Photographic prints,United States--Montana--Silver Bow County--Butte--Anaconda Mine,PG 89 - University of Idaho Library Special Collections & Archives,"Carleton Watkins Interior Views of Anaconda Mines (Butte, MT)",University of Idaho Library; Special Collections & Archives,Black and White Photograph,Image;StillImage,89-1220,2011-03,eng,"Material in Public Domain due to date of creation. For more information, please contact University of Idaho Library Special Collections and Archives Department at libspec@uidaho.edu.",https://creativecommons.org/publicdomain/mark/1.0/,Original is archival Tiff. Displayed is a reduced jpg.
watkins53,89-1221.jpg,Mountain Consolidated Mine 550 ft. level East still floor,image/jpg,"Watkins, Carleton E.",Mountain Consolidated Mine,550,1890,Mountain Consolidated Mine 550 level East sill floor.  Showing a fine ore breast untimbered,46.02333333,-112.5313889,"Conley, Cort","Watkins, Carleton E., 1829-1916; Anaconda Company; Butte (Mont.);",Photographic prints,United States--Montana--Silver Bow County--Butte--Anaconda Mine,PG 89 - University of Idaho Library Special Collections & Archives,"Carleton Watkins Interior Views of Anaconda Mines (Butte, MT)",University of Idaho Library; Special Collections & Archives,Black and White Photograph,Image;StillImage,89-1221,2011-03,eng,"Material in Public Domain due to date of creation. For more information, please contact University of Idaho Library Special Collections and Archives Department at libspec@uidaho.edu.",https://creativecommons.org/publicdomain/mark/1.0/,Original is archival Tiff. Displayed is a reduced jpg.
watkins54,89-1222.jpg,Mountain Consolidated Mine 550 ft. level East [no. 1222],image/jpg,"Watkins, Carleton E.",Mountain Consolidated Mine,550,1890,Mt Con 550 level East.  Showing a fine ore body with part of 1st or 2nd floor timbers in sight,46.02333333,-112.5313889,"Conley, Cort","Watkins, Carleton E., 1829-1916; Anaconda Company; Butte (Mont.);",Photographic prints,United States--Montana--Silver Bow County--Butte--Anaconda Mine,PG 89 - University of Idaho Library Special Collections & Archives,"Carleton Watkins Interior Views of Anaconda Mines (Butte, MT)",University of Idaho Library; Special Collections & Archives,Black and White Photograph,Image;StillImage,89-1222,2011-03,eng,"Material in Public Domain due to date of creation. For more information, please contact University of Idaho Library Special Collections and Archives Department at libspec@uidaho.edu.",https://creativecommons.org/publicdomain/mark/1.0/,Original is archival Tiff. Displayed is a reduced jpg.
watkins55,89-1167.jpg,Anaconda Mine 1000 ft. level East [no. 1167],image/jpg,"Watkins, Carleton E.",Anaconda Mine,1000,1890,Anaconda Mine 1000 level East. Wealth of ore 45 ft.,46.01972222,-112.5236111,"Conley, Cort","Watkins, Carleton E., 1829-1916; Anaconda Company; Butte (Mont.);",Photographic prints,United States--Montana--Silver Bow County--Butte--Anaconda Mine,PG 89 - University of Idaho Library Special Collections & Archives,"Carleton Watkins Interior Views of Anaconda Mines (Butte, MT)",University of Idaho Library; Special Collections & Archives,Black and White Photograph,Image;StillImage,89-1167,2011-03,eng,"Material in Public Domain due to date of creation. For more information, please contact University of Idaho Library Special Collections and Archives Department at libspec@uidaho.edu.",https://creativecommons.org/publicdomain/mark/1.0/,Original is archival Tiff. Displayed is a reduced jpg.
watkins56,89-1223.jpg,Mountain Consolidated Mine 300 ft. level East still floor  [no. 1223],image/jpg,"Watkins, Carleton E.",Mountain Consolidated Mine,300,1890,Mt Con 300 level East still floor.  Ore breast showing miners at world Ore 40 ft,46.02333333,-112.5313889,"Conley, Cort","Watkins, Carleton E., 1829-1916; Anaconda Company; Butte (Mont.);",Photographic prints,United States--Montana--Silver Bow County--Butte--Anaconda Mine,PG 89 - University of Idaho Library Special Collections & Archives,"Carleton Watkins Interior Views of Anaconda Mines (Butte, MT)",University of Idaho Library; Special Collections & Archives,Black and White Photograph,Image;StillImage,89-1223,2011-03,eng,"Material in Public Domain due to date of creation. For more information, please contact University of Idaho Library Special Collections and Archives Department at libspec@uidaho.edu.",https://creativecommons.org/publicdomain/mark/1.0/,Original is archival Tiff. Displayed is a reduced jpg.
watkins57,89-1224.jpg,Mountain Consolidated Mine 200 ft. level East sill floor  [no. 1224],image/jpg,"Watkins, Carleton E.",Mountain Consolidated Mine,200,1890,Mt Con 200 level East sill floor.  Showing ore and timbers on hanging wall,46.02333333,-112.5313889,"Conley, Cort","Watkins, Carleton E., 1829-1916; Anaconda Company; Butte (Mont.);",Photographic prints,United States--Montana--Silver Bow County--Butte--Anaconda Mine,PG 89 - University of Idaho Library Special Collections & Archives,"Carleton Watkins Interior Views of Anaconda Mines (Butte, MT)",University of Idaho Library; Special Collections & Archives,Black and White Photograph,Image;StillImage,89-1224,2011-03,eng,"Material in Public Domain due to date of creation. For more information, please contact University of Idaho Library Special Collections and Archives Department at libspec@uidaho.edu.",https://creativecommons.org/publicdomain/mark/1.0/,Original is archival Tiff. Displayed is a reduced jpg.
watkins58,89-1225.jpg,Mountain Consolidated Mine 400 ft. level East sill floor  [no. 1225],image/jpg,"Watkins, Carleton E.",Mountain Consolidated Mine,400,1890,Mt Con 400 level East sill floor.  Showing ore breast,46.02333333,-112.5313889,"Conley, Cort","Watkins, Carleton E., 1829-1916; Anaconda Company; Butte (Mont.);",Photographic prints,United States--Montana--Silver Bow County--Butte--Anaconda Mine,PG 89 - University of Idaho Library Special Collections & Archives,"Carleton Watkins Interior Views of Anaconda Mines (Butte, MT)",University of Idaho Library; Special Collections & Archives,Black and White Photograph,Image;StillImage,89-1225,2011-03,eng,"Material in Public Domain due to date of creation. For more information, please contact University of Idaho Library Special Collections and Archives Department at libspec@uidaho.edu.",https://creativecommons.org/publicdomain/mark/1.0/,Original is archival Tiff. Displayed is a reduced jpg.
watkins59,89-1226.jpg,Mountain Consolidated Mine 200 ft. level East sill floor  [no. 1226],image/jpg,"Watkins, Carleton E.",Mountain Consolidated Mine,200,1890,Mt Con 200 level East sill floor.  Showing ore after a blast.,46.02333333,-112.5313889,"Conley, Cort","Watkins, Carleton E., 1829-1916; Anaconda Company; Butte (Mont.);",Photographic prints,United States--Montana--Silver Bow County--Butte--Anaconda Mine,PG 89 - University of Idaho Library Special Collections & Archives,"Carleton Watkins Interior Views of Anaconda Mines (Butte, MT)",University of Idaho Library; Special Collections & Archives,Black and White Photograph,Image;StillImage,89-1226,2011-03,eng,"Material in Public Domain due to date of creation. For more information, please contact University of Idaho Library Special Collections and Archives Department at libspec@uidaho.edu.",https://creativecommons.org/publicdomain/mark/1.0/,Original is archival Tiff. Displayed is a reduced jpg.
watkins60,89-1227.jpg,Mountain Consolidated Mine 100 ft. level West sill floor  [no. 1227],image/jpg,"Watkins, Carleton E.",Mountain Consolidated Mine,100,1890,Mt Con 100 level West sill floor.  Showing ore blast of level,46.02333333,-112.5313889,"Conley, Cort","Watkins, Carleton E., 1829-1916; Anaconda Company; Butte (Mont.);",Photographic prints,United States--Montana--Silver Bow County--Butte--Anaconda Mine,PG 89 - University of Idaho Library Special Collections & Archives,"Carleton Watkins Interior Views of Anaconda Mines (Butte, MT)",University of Idaho Library; Special Collections & Archives,Black and White Photograph,Image;StillImage,89-1227,2011-03,eng,"Material in Public Domain due to date of creation. For more information, please contact University of Idaho Library Special Collections and Archives Department at libspec@uidaho.edu.",https://creativecommons.org/publicdomain/mark/1.0/,Original is archival Tiff. Displayed is a reduced jpg.
watkins61,89-1228.jpg,Mountain Consolidated Mine 400 ft. level East sill floor  [no. 1228],image/jpg,"Watkins, Carleton E.",Mountain Consolidated Mine,400,1890,Mt Con 400 level East sill floor.  Ore breast showing ore in foot wall,46.02333333,-112.5313889,"Conley, Cort","Watkins, Carleton E., 1829-1916; Anaconda Company; Butte (Mont.);",Photographic prints,United States--Montana--Silver Bow County--Butte--Anaconda Mine,PG 89 - University of Idaho Library Special Collections & Archives,"Carleton Watkins Interior Views of Anaconda Mines (Butte, MT)",University of Idaho Library; Special Collections & Archives,Black and White Photograph,Image;StillImage,89-1228,2011-03,eng,"Material in Public Domain due to date of creation. For more information, please contact University of Idaho Library Special Collections and Archives Department at libspec@uidaho.edu.",https://creativecommons.org/publicdomain/mark/1.0/,Original is archival Tiff. Displayed is a reduced jpg.
watkins62,89-1229.jpg,Mountain Consolidated Mine 400 ft. level East sill floor  [no. 1229],image/jpg,"Watkins, Carleton E.",Mountain Consolidated Mine,400,1890,Mt Con 400 level East sill floor.  Ore breast showing miners drilling in ore.,46.02333333,-112.5313889,"Conley, Cort","Watkins, Carleton E., 1829-1916; Anaconda Company; Butte (Mont.);",Photographic prints,United States--Montana--Silver Bow County--Butte--Anaconda Mine,PG 89 - University of Idaho Library Special Collections & Archives,"Carleton Watkins Interior Views of Anaconda Mines (Butte, MT)",University of Idaho Library; Special Collections & Archives,Black and White Photograph,Image;StillImage,89-1229,2011-03,eng,"Material in Public Domain due to date of creation. For more information, please contact University of Idaho Library Special Collections and Archives Department at libspec@uidaho.edu.",https://creativecommons.org/publicdomain/mark/1.0/,Original is archival Tiff. Displayed is a reduced jpg.
watkins63,89-1230.jpg,Mountain Consolidated Mine 300 ft. level East sill floor  [no. 1230],image/jpg,"Watkins, Carleton E.",Mountain Consolidated Mine,300,1890,Mt Con 300 level East sill floor.  Showing ore breast closely timbered.,46.02333333,-112.5313889,"Conley, Cort","Watkins, Carleton E., 1829-1916; Anaconda Company; Butte (Mont.);",Photographic prints,United States--Montana--Silver Bow County--Butte--Anaconda Mine,PG 89 - University of Idaho Library Special Collections & Archives,"Carleton Watkins Interior Views of Anaconda Mines (Butte, MT)",University of Idaho Library; Special Collections & Archives,Black and White Photograph,Image;StillImage,89-1230,2011-03,eng,"Material in Public Domain due to date of creation. For more information, please contact University of Idaho Library Special Collections and Archives Department at libspec@uidaho.edu.",https://creativecommons.org/publicdomain/mark/1.0/,Original is archival Tiff. Displayed is a reduced jpg.
watkins64,89-1231.jpg,Mountain Consolidated Mine 300 ft. level East sill floor  [no. 1231],image/jpg,"Watkins, Carleton E.",Mountain Consolidated Mine,300,1890,Mt Con 300 level East sill floor.  Ore breast showing ore in foot wall.,46.02333333,-112.5313889,"Conley, Cort","Watkins, Carleton E., 1829-1916; Anaconda Company; Butte (Mont.);",Photographic prints,United States--Montana--Silver Bow County--Butte--Anaconda Mine,PG 89 - University of Idaho Library Special Collections & Archives,"Carleton Watkins Interior Views of Anaconda Mines (Butte, MT)",University of Idaho Library; Special Collections & Archives,Black and White Photograph,Image;StillImage,89-1231,2011-03,eng,"Material in Public Domain due to date of creation. For more information, please contact University of Idaho Library Special Collections and Archives Department at libspec@uidaho.edu.",https://creativecommons.org/publicdomain/mark/1.0/,Original is archival Tiff. Displayed is a reduced jpg.
watkins65,89-1232.jpg,Mountain Consolidated Mine 100 ft. level West sill floor  [no. 1232],image/jpg,"Watkins, Carleton E.",Mountain Consolidated Mine,100,1890,Mt Con 100 level West sill floor.  Showing machine drilling ore breast.,46.02333333,-112.5313889,"Conley, Cort","Watkins, Carleton E., 1829-1916; Anaconda Company; Butte (Mont.);",Photographic prints,United States--Montana--Silver Bow County--Butte--Anaconda Mine,PG 89 - University of Idaho Library Special Collections & Archives,"Carleton Watkins Interior Views of Anaconda Mines (Butte, MT)",University of Idaho Library; Special Collections & Archives,Black and White Photograph,Image;StillImage,89-1232,2011-03,eng,"Material in Public Domain due to date of creation. For more information, please contact University of Idaho Library Special Collections and Archives Department at libspec@uidaho.edu.",https://creativecommons.org/publicdomain/mark/1.0/,Original is archival Tiff. Displayed is a reduced jpg.
watkins66,89-1169.jpg,Anaconda Mine 1000 ft. level West [no. 1169],image/jpg,"Watkins, Carleton E.",Anaconda Mine,1000,1890,Anaconda Mine 1000 level West. Wealth of ore 75 ft.,46.01972222,-112.5236111,"Conley, Cort","Watkins, Carleton E., 1829-1916; Anaconda Company; Butte (Mont.);",Photographic prints,United States--Montana--Silver Bow County--Butte--Anaconda Mine,PG 89 - University of Idaho Library Special Collections & Archives,"Carleton Watkins Interior Views of Anaconda Mines (Butte, MT)",University of Idaho Library; Special Collections & Archives,Black and White Photograph,Image;StillImage,89-1169,2011-03,eng,"Material in Public Domain due to date of creation. For more information, please contact University of Idaho Library Special Collections and Archives Department at libspec@uidaho.edu.",https://creativecommons.org/publicdomain/mark/1.0/,Original is archival Tiff. Displayed is a reduced jpg.
watkins67,89-1233.jpg,Mountain Consolidated Mine 550 ft. level East sill floor [no. 1233],image/jpg,"Watkins, Carleton E.",Mountain Consolidated Mine,550,1890,Mt Con 550 level East sill floor.  Showing ore breast on hanging wall.,46.02333333,-112.5313889,"Conley, Cort","Watkins, Carleton E., 1829-1916; Anaconda Company; Butte (Mont.);",Photographic prints,United States--Montana--Silver Bow County--Butte--Anaconda Mine,PG 89 - University of Idaho Library Special Collections & Archives,"Carleton Watkins Interior Views of Anaconda Mines (Butte, MT)",University of Idaho Library; Special Collections & Archives,Black and White Photograph,Image;StillImage,89-1233,2011-03,eng,"Material in Public Domain due to date of creation. For more information, please contact University of Idaho Library Special Collections and Archives Department at libspec@uidaho.edu.",https://creativecommons.org/publicdomain/mark/1.0/,Original is archival Tiff. Displayed is a reduced jpg.
watkins68,89-1234.jpg,Mountain Consolidated Mine 200 ft. level East sill floor [no. 1234],image/jpg,"Watkins, Carleton E.",Mountain Consolidated Mine,200,1890,Mt Con 200 level East sill floor.  Showing ore breast.,46.02333333,-112.5313889,"Conley, Cort","Watkins, Carleton E., 1829-1916; Anaconda Company; Butte (Mont.);",Photographic prints,United States--Montana--Silver Bow County--Butte--Anaconda Mine,PG 89 - University of Idaho Library Special Collections & Archives,"Carleton Watkins Interior Views of Anaconda Mines (Butte, MT)",University of Idaho Library; Special Collections & Archives,Black and White Photograph,Image;StillImage,89-1234,2011-03,eng,"Material in Public Domain due to date of creation. For more information, please contact University of Idaho Library Special Collections and Archives Department at libspec@uidaho.edu.",https://creativecommons.org/publicdomain/mark/1.0/,Original is archival Tiff. Displayed is a reduced jpg.
watkins69,89-1235.jpg,Mountain Consolidated Mine 550 ft. level East sill floor,image/jpg,"Watkins, Carleton E.",Mountain Consolidated Mine,550,1890,Mountain Consolidated Mine 550 level East sill floor.  Showing drilling machine drilling ore breast . Ore 45 ft.,46.02333333,-112.5313889,"Conley, Cort","Watkins, Carleton E., 1829-1916; Anaconda Company; Butte (Mont.);",Photographic prints,United States--Montana--Silver Bow County--Butte--Anaconda Mine,PG 89 - University of Idaho Library Special Collections & Archives,"Carleton Watkins Interior Views of Anaconda Mines (Butte, MT)",University of Idaho Library; Special Collections & Archives,Black and White Photograph,Image;StillImage,89-1235,2011-03,eng,"Material in Public Domain due to date of creation. For more information, please contact University of Idaho Library Special Collections and Archives Department at libspec@uidaho.edu.",https://creativecommons.org/publicdomain/mark/1.0/,Original is archival Tiff. Displayed is a reduced jpg.
watkins70,89-1236.jpg,Mountain Consolidated Mine 400 ft. level East [no. 1236],image/jpg,"Watkins, Carleton E.",Mountain Consolidated Mine,400,1890,Mt Con 400 level East.  Showing two sets of ore in face timbered close to breast.  Ore 25 ft.,46.02333333,-112.5313889,"Conley, Cort","Watkins, Carleton E., 1829-1916; Anaconda Company; Butte (Mont.);",Photographic prints,United States--Montana--Silver Bow County--Butte--Anaconda Mine,PG 89 - University of Idaho Library Special Collections & Archives,"Carleton Watkins Interior Views of Anaconda Mines (Butte, MT)",University of Idaho Library; Special Collections & Archives,Black and White Photograph,Image;StillImage,89-1236,2011-03,eng,"Material in Public Domain due to date of creation. For more information, please contact University of Idaho Library Special Collections and Archives Department at libspec@uidaho.edu.",https://creativecommons.org/publicdomain/mark/1.0/,Original is archival Tiff. Displayed is a reduced jpg.
watkins71,89-1237.jpg,Mountain Consolidated Mine 300 ft. level West [no. 1237],image/jpg,"Watkins, Carleton E.",Mountain Consolidated Mine,300,1890,Mt Con 300 level West.  Showing course of extraction of ore.  Ore 30 ft.,46.02333333,-112.5313889,"Conley, Cort","Watkins, Carleton E., 1829-1916; Anaconda Company; Butte (Mont.);",Photographic prints,United States--Montana--Silver Bow County--Butte--Anaconda Mine,PG 89 - University of Idaho Library Special Collections & Archives,"Carleton Watkins Interior Views of Anaconda Mines (Butte, MT)",University of Idaho Library; Special Collections & Archives,Black and White Photograph,Image;StillImage,89-1237,2011-03,eng,"Material in Public Domain due to date of creation. For more information, please contact University of Idaho Library Special Collections and Archives Department at libspec@uidaho.edu.",https://creativecommons.org/publicdomain/mark/1.0/,Original is archival Tiff. Displayed is a reduced jpg.
watkins72,89-1238.jpg,Mountain Consolidated Mine 400 ft. level East [no. 1238],image/jpg,"Watkins, Carleton E.",Mountain Consolidated Mine,400,1890,Mt Con 400 level East.  Showing ore towards hanging wall.,46.02333333,-112.5313889,"Conley, Cort","Watkins, Carleton E., 1829-1916; Anaconda Company; Butte (Mont.);",Photographic prints,United States--Montana--Silver Bow County--Butte--Anaconda Mine,PG 89 - University of Idaho Library Special Collections & Archives,"Carleton Watkins Interior Views of Anaconda Mines (Butte, MT)",University of Idaho Library; Special Collections & Archives,Black and White Photograph,Image;StillImage,89-1238,2011-03,eng,"Material in Public Domain due to date of creation. For more information, please contact University of Idaho Library Special Collections and Archives Department at libspec@uidaho.edu.",https://creativecommons.org/publicdomain/mark/1.0/,Original is archival Tiff. Displayed is a reduced jpg.
watkins73,89-1239.jpg,Mountain Consolidated Mine 400 ft. level East,image/jpg,"Watkins, Carleton E.",Mountain Consolidated Mine,400,1890,Showing waste filling between timbers 25 ft. From ore breast.  Ore 25 ft. Mountain Consolidated Mine 400 ft. level East,46.02333333,-112.5313889,"Conley, Cort","Watkins, Carleton E., 1829-1916; Anaconda Company; Butte (Mont.);",Photographic prints,United States--Montana--Silver Bow County--Butte--Anaconda Mine,PG 89 - University of Idaho Library Special Collections & Archives,"Carleton Watkins Interior Views of Anaconda Mines (Butte, MT)",University of Idaho Library; Special Collections & Archives,Black and White Photograph,Image;StillImage,89-1239,2011-03,eng,"Material in Public Domain due to date of creation. For more information, please contact University of Idaho Library Special Collections and Archives Department at libspec@uidaho.edu.",https://creativecommons.org/publicdomain/mark/1.0/,Original is archival Tiff. Displayed is a reduced jpg.
watkins74,89-1240.jpg,Mountain Consolidated Mine 550 ft. level East [no. 1240],image/jpg,"Watkins, Carleton E.",Mountain Consolidated Mine,550,1890,Mt Con 550 level East.  Showing ore in breast.,46.02333333,-112.5313889,"Conley, Cort","Watkins, Carleton E., 1829-1916; Anaconda Company; Butte (Mont.);",Photographic prints,United States--Montana--Silver Bow County--Butte--Anaconda Mine,PG 89 - University of Idaho Library Special Collections & Archives,"Carleton Watkins Interior Views of Anaconda Mines (Butte, MT)",University of Idaho Library; Special Collections & Archives,Black and White Photograph,Image;StillImage,89-1240,2011-03,eng,"Material in Public Domain due to date of creation. For more information, please contact University of Idaho Library Special Collections and Archives Department at libspec@uidaho.edu.",https://creativecommons.org/publicdomain/mark/1.0/,Original is archival Tiff. Displayed is a reduced jpg.
watkins75,89-1241.jpg,Mountain Consolidated Mine 400 ft. level East [no. 1241],image/jpg,"Watkins, Carleton E.",Mountain Consolidated Mine,400,1890,Mt Con 550 level East.  Showing drilling machine in operation.,46.02333333,-112.5313889,"Conley, Cort","Watkins, Carleton E., 1829-1916; Anaconda Company; Butte (Mont.);",Photographic prints,United States--Montana--Silver Bow County--Butte--Anaconda Mine,PG 89 - University of Idaho Library Special Collections & Archives,"Carleton Watkins Interior Views of Anaconda Mines (Butte, MT)",University of Idaho Library; Special Collections & Archives,Black and White Photograph,Image;StillImage,89-1241,2011-03,eng,"Material in Public Domain due to date of creation. For more information, please contact University of Idaho Library Special Collections and Archives Department at libspec@uidaho.edu.",https://creativecommons.org/publicdomain/mark/1.0/,Original is archival Tiff. Displayed is a reduced jpg.
watkins76,89-1242.jpg,Mountain Consolidated Mine 550 ft. level East [no. 1242],image/jpg,"Watkins, Carleton E.",Mountain Consolidated Mine,550,1890,Mt Con 550 level East.  Showing ore after blasting.,46.02333333,-112.5313889,"Conley, Cort","Watkins, Carleton E., 1829-1916; Anaconda Company; Butte (Mont.);",Photographic prints,United States--Montana--Silver Bow County--Butte--Anaconda Mine,PG 89 - University of Idaho Library Special Collections & Archives,"Carleton Watkins Interior Views of Anaconda Mines (Butte, MT)",University of Idaho Library; Special Collections & Archives,Black and White Photograph,Image;StillImage,89-1242,2011-03,eng,"Material in Public Domain due to date of creation. For more information, please contact University of Idaho Library Special Collections and Archives Department at libspec@uidaho.edu.",https://creativecommons.org/publicdomain/mark/1.0/,Original is archival Tiff. Displayed is a reduced jpg.
watkins77,89-1170.jpg,Anaconda Mine 1000 ft. level West [no. 1170],image/jpg,"Watkins, Carleton E.",Anaconda Mine,1000,1890,Anaconda Mine 1000 level West Ore 75 ft.,46.01972222,-112.5236111,"Conley, Cort","Watkins, Carleton E., 1829-1916; Anaconda Company; Butte (Mont.);",Photographic prints,United States--Montana--Silver Bow County--Butte--Anaconda Mine,PG 89 - University of Idaho Library Special Collections & Archives,"Carleton Watkins Interior Views of Anaconda Mines (Butte, MT)",University of Idaho Library; Special Collections & Archives,Black and White Photograph,Image;StillImage,89-1170,2011-03,eng,"Material in Public Domain due to date of creation. For more information, please contact University of Idaho Library Special Collections and Archives Department at libspec@uidaho.edu.",https://creativecommons.org/publicdomain/mark/1.0/,Original is archival Tiff. Displayed is a reduced jpg.
watkins78,89-1243.jpg,Mountain Consolidated Mine 550 ft. level [no. 1243],image/jpg,"Watkins, Carleton E.",Mountain Consolidated Mine,550,1890,Mt Con 550 level.  Pump station.,46.02333333,-112.5313889,"Conley, Cort","Watkins, Carleton E., 1829-1916; Anaconda Company; Butte (Mont.);",Photographic prints,United States--Montana--Silver Bow County--Butte--Anaconda Mine,PG 89 - University of Idaho Library Special Collections & Archives,"Carleton Watkins Interior Views of Anaconda Mines (Butte, MT)",University of Idaho Library; Special Collections & Archives,Black and White Photograph,Image;StillImage,89-1243,2011-03,eng,"Material in Public Domain due to date of creation. For more information, please contact University of Idaho Library Special Collections and Archives Department at libspec@uidaho.edu.",https://creativecommons.org/publicdomain/mark/1.0/,Original is archival Tiff. Displayed is a reduced jpg.
watkins79,89-1171.jpg,Anaconda Mine 1000 ft. level West [no. 1171],image/jpg,"Watkins, Carleton E.",Anaconda Mine,1000,1890,Anaconda Mine 1000 level West Ore 75 ft.,46.01972222,-112.5236111,"Conley, Cort","Watkins, Carleton E., 1829-1916; Anaconda Company; Butte (Mont.);",Photographic prints,United States--Montana--Silver Bow County--Butte--Anaconda Mine,PG 89 - University of Idaho Library Special Collections & Archives,"Carleton Watkins Interior Views of Anaconda Mines (Butte, MT)",University of Idaho Library; Special Collections & Archives,Black and White Photograph,Image;StillImage,89-1171,2011-03,eng,"Material in Public Domain due to date of creation. For more information, please contact University of Idaho Library Special Collections and Archives Department at libspec@uidaho.edu.",https://creativecommons.org/publicdomain/mark/1.0/,Original is archival Tiff. Displayed is a reduced jpg.